ScientificName,Latitude,Longitude,YearCollected,MonthCollected,DayCollected
Tilapia nilotica,,,,,
Tilapia nilotica,,,,,
Oreochromis niloticus x Oreochromis aureus,29.67749,-95.476652,2017,10,28
Oreochromis niloticus,0.054167,34.162222,,,
Oreochromis niloticus,0.054167,34.162222,,,
Oreochromis niloticus,-0.399469,34.154654,,,
Oreochromis niloticus,0.054167,34.162222,,,
Oreochromis niloticus,0.054167,34.162222,,,
Oreochromis niloticus,18.1333332,-96.3666687,1990,3,25
Oreochromis niloticus,18.1333332,-96.3666687,1990,3,25
Oreochromis niloticus,18.1333332,-96.3666687,1990,3,26
Oreochromis niloticus niloticus,31.25,130.6397222,,,
Oreochromis niloticus niloticus,31.25,130.6397222,,,
Oreochromis niloticus,27.01,128.26,2017,6,30
Oreochromis niloticus,27.01,128.26,2017,6,30
Oreochromis niloticus,27.01,128.26,2017,6,30
Oreochromis niloticus,27.01,128.26,2017,6,30
Oreochromis niloticus,27.01,128.26,2017,6,30
Oreochromis niloticus,27.01,128.26,2017,6,30
Oreochromis niloticus,27.01,128.26,2017,6,30
Oreochromis niloticus,27.01,128.26,2017,6,30
Oreochromis niloticus,27.01,128.26,2017,6,30
Oreochromis niloticus,27.01,128.26,2017,6,30
Oreochromis niloticus,27.01,128.26,2017,6,30
Oreochromis niloticus,27.04555556,128.415,2017,6,30
Oreochromis niloticus,27.04555556,128.415,2017,6,30
Oreochromis niloticus,27.04555556,128.415,2017,6,30
Oreochromis niloticus,27.04555556,128.415,2017,6,30
Oreochromis niloticus,27.04555556,128.415,2017,6,30
Tilapia nilotica,,,1880,,
Oreochromis niloticus,,,,,
Oreochromis niloticus,,,,,
Tilapia nilotica,,,,,
Oreochromis niloticus,,,2001,1,14
Oreochromis niloticus,,,2001,1,15
Oreochromis niloticus,,,1990,8,17
Oreochromis niloticus,,,1990,8,20
Oreochromis niloticus,,,1990,8,20
Oreochromis niloticus,,,1990,8,27
Oreochromis niloticus,,,1990,9,7
Oreochromis niloticus,,,1990,9,7
Oreochromis niloticus,32.65583,-85.49194,1975,7,21
Oreochromis niloticus,,,1990,8,17
Oreochromis niloticus,,,1990,8,17
Oreochromis niloticus,,,1990,8,20
Oreochromis niloticus,,,1990,8,20
Oreochromis niloticus,17.7727776,-93.9486084,1998,1,21
Oreochromis niloticus,,,2000,8,29
Oreochromis niloticus,,,2000,8,29
Oreochromis niloticus,,,2000,8,31
Oreochromis niloticus,,,2000,8,31
Oreochromis niloticus,,,2000,8,31
Oreochromis niloticus,,,2000,8,29
Oreochromis niloticus,,116.34,2008,9,23
Oreochromis niloticus,41.98372,-87.70717,2013,10,30
Oreochromis niloticus,18.1333332,-96.3666687,1993,1,22
Oreochromis niloticus,18.1333332,-96.3666687,1993,10,0
Oreochromis niloticus,18.1333332,-96.3666687,1994,6,0
Oreochromis niloticus,,,,,
Oreochromis niloticus,5.83,101.08,1991,2,27
Oreochromis niloticus,,,1992,,
Oreochromis niloticus,,,1992,,
Oreochromis niloticus,,,1993,9,30
Oreochromis niloticus,,,,,
Oreochromis niloticus,,,,,
Oreochromis niloticus niloticus,,,,,
Oreochromis niloticus niloticus,,,,,
Oreochromis niloticus,,,1995,5,31
Oreochromis niloticus,,,1994,11,11
Oreochromis niloticus,16.7018333,-99.6427,2003,5,7
Oreochromis niloticus,16.6091333,-99.7274667,2003,6,26
Oreochromis niloticus,16.7018333,-99.6427,2003,6,26
Oreochromis niloticus,,,2010,10,18
Oreochromis niloticus,,,1895,5,30
Oreochromis niloticus,,,1894,12,30
Oreochromis niloticus,,,1895,8,22
Oreochromis niloticus,,,1894,12,8
Oreochromis niloticus,,,2002,8,
Oreochromis niloticus,9.614527778,-82.86280556,2011,2,22
Oreochromis niloticus,41.8263889,-87.7233333,2004,12,7
Oreochromis niloticus,41.8263889,-87.7233333,2004,8,4
Oreochromis niloticus,,,2010,11,26
Oreochromis niloticus,,,,,
Oreochromis niloticus,,,,,
Oreochromis niloticus,,,,,
Oreochromis niloticus,,,,,
Oreochromis niloticus,,,2001,8,1
Oreochromis niloticus,,,2010,11,26
Oreochromis niloticus,13.66947222,-89.75775,2011,1,6
Oreochromis niloticus,,,,,
Oreochromis niloticus,,,2000,12,12
Oreochromis niloticus,,,1993,11,22
Oreochromis niloticus,,,1993,11,22
Oreochromis niloticus,,,1993,12,1
Oreochromis niloticus,,,1993,12,2
Oreochromis niloticus,7.3741673,-2.9383337,2011,1,4
Oreochromis niloticus,7.3736113,-2.9366667,2011,1,5
Oreochromis niloticus,,,1993,11,23
Tilapia nilotica,,,1909,8,2
Oreochromis niloticus,15.33119,-84.57683,2012,6,13
Oreochromis niloticus,15.21068,-84.61325,2012,6,13
Oreochromis niloticus,,,,,
Oreochromis niloticus,,,,,
Oreochromis niloticus,14.98469444,-88.252,,,
Oreochromis niloticus,,,,,
Oreochromis niloticus,,,1977,5,2
Oreochromis niloticus,,,2006,1,3
Oreochromis niloticus,42.3567442,-71.0747945,,,
Oreochromis niloticus,,,1981,7,
Oreochromis niloticus,,,,,
Oreochromis niloticus,14.43957,-85.98222,2012,1,13
Oreochromis niloticus,17.769979,-88.52681,2014,6,12
Oreochromis niloticus,-0.263733,34.56548,,,
Oreochromis niloticus,-0.263733,34.56548,,,
Oreochromis niloticus,0.054167,34.162222,,,
Oreochromis niloticus,0.435262,33.241144,,,
Oreochromis niloticus,0.435262,33.241144,,,
Oreochromis niloticus,-0.587703,31.125567,1993,12,1
Oreochromis niloticus,16°30'55''S,-41.331788,1995,1,20
Oreochromis niloticus,15°30'19''S,41°19'22''W,1995,1,21
Oreochromis niloticus,-15.080981,40°42'10''W,1995,1,22
Oreochromis niloticus,,,2012,7,6
Oreochromis niloticus,29.46139,-82.17389,2007,4,5
Oreochromis niloticus,29.51139,-82.10056,2008,4,27
Oreochromis niloticus,,,1991,11,4
Oreochromis niloticus,20.0552778,99.9544444,2010,5,15
Oreochromis niloticus,32.60194,-85.485,1977,9,
Oreochromis niloticus x oreochromis urolepis x oreochromis urolepis,32.667767,-85.48083,1976,7,13
Oreochromis niloticus,17.9230556,99.2919444,2011,5,15
Oreochromis niloticus,19.3680556,99.2261111,2011,5,17
Oreochromis niloticus,32.60972,-85.48083,1976,7,13
Oreochromis niloticus,13.4751944,144.7548611,2010,3,16
Oreochromis niloticus,13.51528,144.83611,2010,4,4
Oreochromis niloticus,30.41111,-88.82778,2006,10,24
Oreochromis niloticus,,,2004,7,28
Oreochromis niloticus,30.5123917,-88.550728,2006,11,29
Oreochromis niloticus,,,1978,9,12
Tilapia nilotica,,,1927,,
Tilapia nilotica,,,1927,5,21
Tilapia nilotica,,,1927,6,4
Tilapia nilotica,,,1927,6,15
Oreochromis niloticus,,,2004,9,11
Tilapia nilotica,,,1927,8,27
Oreochromis niloticus,,,2004,9,11
Oreochromis niloticus,,,2004,9,12
Oreochromis niloticus,,,2004,9,12
Oreochromis niloticus,20.0602778,99.3638889,2012,12,30
Oreochromis niloticus,,,2004,9,20
Oreochromis niloticus,18.252339,100.178668,2016,1,17
Oreochromis niloticus,17.287783,101.765735,2016,1,20
Oreochromis niloticus,32.60194,-85.485,1979,10,16
Oreochromis niloticus,07°52'24''N,034°29'48''E,2008,10,7
Tilapia nilotica,,,,,
Tilapia nilotica,,,,,
Oreochromis niloticus,26.65361,-80.29833,2016,11,1
Oreochromis niloticus,,,,,
Oreochromis niloticus,,,,,
Oreochromis niloticus,,,,,
Oreochromis niloticus,,,,,
Tilapia nilotica,9.133,18.367,,,
Tilapia nilotica,9.133,18.367,,,
Tilapia nilotica,9.133,18.367,,,
Oreochromis niloticus,27.20004,-81.9876306,2014,11,10
Oreochromis niloticus,-0.4990833,100.0397833,2014,11,5
Tilapia nilotica,,,,,
Tilapia nilotica,,,,,
Tilapia nilotica,,,,,
Tilapia nilotica,,,,,
Tilapia nilotica,,,,,
Tilapia nilotica,,,,,
Tilapia nilotica,,,,,
Tilapia nilotica,,,,,
Oreochromis niloticus,29.647344,-82.344564,2017,2,21
Oreochromis niloticus,29.6411111,-82.3461111,2017,3,1
Oreochromis niloticus,-0.89526,-89.47987,2007,8,16
Tilapia nilotica,,,1912,,
Oreochromis niloticus,14.746751,98.633267,2017,1,9
Oreochromis niloticus,14.218114,99.226038,2017,1,12
Tilapia nilotica,,,,,
Tilapia nilotica,,,,,
Oreochromis niloticus,,,1976,2,1
Tilapia nilotica cancellata,,,,,
Tilapia nilotica regani,,,,,
Tilapia nilotica regani,,,,,
Tilapia nilotica,,,,,
Tilapia nilotica,,,,,
Tilapia nilotica cancellata,,,,,
Tilapia nilotica cancellata,,,,,
Tilapia nilotica cancellata,,,,,
Tilapia nilotica,,,,,
Tilapia nilotica,,,,,
Tilapia nilotica,,,,,
Tilapia nilotica regani,,,,,
Tilapia nilotica regani,,,,,
Tilapia nilotica,,,,,
Tilapia nilotica,,,,,
Tilapia nilotica,,,,,
Tilapia nilotica,,,,,
Tilapia nilotica,,,,,
Tilapia nilotica,,,,,
Tilapia nilotica,,,,,
Tilapia nilotica,,,,,
Tilapia nilotica regani,,,,,
Tilapia nilotica regani,,,,,
Tilapia nilotica,,,,,
Tilapia nilotica,,,,,
Tilapia nilotica,,,,,
Tilapia nilotica,,,1937,2,16
Tilapia nilotica,,,,,
Tilapia nilotica,,,,,
Tilapia nilotica,,,,,
Tilapia nilotica,,,,,
Tilapia nilotica,,,1950,4,8
Tilapia nilotica,,,,,
Oreochromis niloticus,32.60194,-85.485,1979,12,1
Tilapia nilotica,,,,,
Tilapia nilotica,,,1969,1,
Oreochromis niloticus niloticus,,,1984,2,
Oreochromis niloticus,,,,,
Oreochromis niloticus,,,1984,2,
Oreochromis niloticus,,,1986,4,
Oreochromis niloticus,,,1986,4,
Oreochromis niloticus,,,1987,1,
Oreochromis niloticus,,,1989,9,
Oreochromis niloticus,,,2006,11,13
Oreochromis niloticus,,,1991,2,
Oreochromis niloticus,11.4,8.467,1992,7,23
Oreochromis niloticus,,,1998,7,24
Oreochromis niloticus,,,1998,,
Oreochromis niloticus,,,,,
Oreochromis niloticus,,,,,
Oreochromis niloticus,-20.314,57.404,2002,11,14
Oreochromis niloticus,8.5,39.25,2002,5,26
Oreochromis niloticus,8.5,39.25,2002,5,26
Oreochromis niloticus,9,39.833,2002,6,2
Oreochromis niloticus,9,39.983,2002,6,9
Oreochromis niloticus,9,39.983,2003,6,9
Oreochromis niloticus,,,2002,6,1
Oreochromis niloticus,9,39.983,2002,6,9
Oreochromis niloticus,,,2001,11,25
Oreochromis niloticus,,,2001,11,25
Oreochromis niloticus,,,2001,11,27
Oreochromis niloticus,,,,,
Oreochromis niloticus,9,39.983,2002,6,9
Oreochromis niloticus niloticus,,,,,
Oreochromis niloticus,32.60194,-85.485,1978,10,1
Oreochromis niloticus,,,2001,8,3
Oreochromis niloticus,18.1833324,-100.3805542,1984,7,26
Tilapia nilotica,,,1960,,
Tilapia nilotica,,,1960,,
Oreochromis niloticus,,,2001,7,23
Oreochromis niloticus,,,2001,7,23
Oreochromis niloticus,18.0488892,-102.1838913,1984,7,30
Oreochromis niloticus,,,2001,8,23
Oreochromis niloticus niloticus,1430 N,00410 W,1980,7,5
Oreochromis niloticus,,,2001,7,27
Oreochromis niloticus,,,2001,7,25
Oreochromis niloticus,1328 N,00540 E,1981,2,16
Oreochromis niloticus,1307 N,00515 E,1981,5,12
Oreochromis niloticus,1310 N,00200 E,1980,7,18
Oreochromis niloticus,1308 N,00512 E,1980,5,1
Oreochromis niloticus,1306 N,00513 E,1981,2,12
Oreochromis niloticus,1342 N,00516 E,1981,5,12
Oreochromis niloticus,1307 N,00515 E,1980,10,10
Oreochromis niloticus,1306 N,00516 E,1980,12,30
Oreochromis niloticus,1330 N,00450 E,1980,7,17
Oreochromis niloticus,1307 N,00515 E,1981,2,
Oreochromis niloticus,30.420559,-88.493477,1995,1,12
Oreochromis niloticus,,,2001,7,7
Oreochromis niloticus,,,2001,7,2
Tilapia nilotica,,,1965,4,14
Oreochromis niloticus,11.2517333,99.43705,2014,2,2
Oreochromis niloticus,25.6623097,-80.3559703,2014,11,20
Oreochromis niloticus,17.67602,104.28566,2015,1,8
Oreochromis niloticus,14.20021,99.48396,2015,1,27
Oreochromis niloticus,19.70232,99.58538,2015,1,13
Oreochromis niloticus,16.66933,103.15763,2015,1,7
Oreochromis niloticus,13.78043,99.42093,2015,1,26
Oreochromis niloticus,18.37862,99.44386,2015,1,14
Oreochromis niloticus,17.4459,99.12935,2015,1,15
Oreochromis niloticus,,,2014,,
Oreochromis niloticus,25.64183,-80.33659,2015,10,21
Oreochromis niloticus,26.6846,-80.3633,2015,10,21
Oreochromis niloticus,26.3393,-81.8057,2015,11,17
Oreochromis niloticus,28.0747583,-80.6084,2016,4,7
Oreochromis niloticus,27.83562,-80.51969,2016,9,21
Oreochromis niloticus,11.6225,37.3808333,1994,10,21
Oreochromis niloticus,,,2009,9,28
Oreochromis niloticus,,,,,
Oreochromis niloticus,27.619545,-80.381209,2019,3,26
Oreochromis niloticus,27.7742,-80.60732,2019,3,25
Oreochromis niloticus,28.8463,-81.8661,2018,10,30
Oreochromis niloticus,27.33308,-80.46614,2019,3,26
Oreochromis niloticus,,,1980,6,30
Oreochromis niloticus,30.3709,-88.5969,1997,8,2
Oreochromis niloticus,30.512393,-88.551052,2000,11,16
Oreochromis niloticus,,,2009,12,22
Oreochromis niloticus,30.512393,-88.551052,2000,12,14
Oreochromis niloticus,32.65583,-85.49194,1981,11,4
Oreochromis niloticus,30.376073,-88.752399,2001,3,8
Oreochromis niloticus,30.512393,-88.551052,2001,4,18
Oreochromis niloticus,30.512393,-88.551052,2001,5,23
Oreochromis niloticus,30.507333,-88.554381,2001,5,23
Oreochromis niloticus,30.376073,-88.752399,2001,5,24
Oreochromis niloticus,30.376073,-88.752399,2001,5,24
Oreochromis niloticus,30.376814,-88.747528,2001,5,24
Oreochromis niloticus,30.512393,-88.551052,2000,12,14
Oreochromis niloticus,30.512393,-88.551052,2001,1,24
Oreochromis niloticus,30.507333,-88.554381,2001,1,24
Oreochromis niloticus,30.512393,-88.551052,2001,3,7
Oreochromis niloticus,30.507333,-88.554381,2001,3,7
Oreochromis niloticus,30.512393,-88.551052,2001,4,18
Oreochromis niloticus,30.512393,-88.551052,2001,5,2
Oreochromis niloticus,30.512393,-88.551052,2001,6,27
Oreochromis niloticus,30.507333,-88.554381,2001,6,27
Oreochromis niloticus,,,2000,5,19
Oreochromis niloticus,,,1979,8,28
Oreochromis niloticus,,,1979,8,28
Oreochromis niloticus,,,1979,8,28
Oreochromis niloticus,,,1979,8,28
Oreochromis niloticus,,,2000,5,19
Oreochromis niloticus,,,2000,5,19
Oreochromis niloticus,,,2000,5,19
Oreochromis niloticus,,,2000,5,19
Oreochromis niloticus,,,2000,5,19
Oreochromis niloticus,,,2000,5,19
Oreochromis niloticus,,,2000,5,19
Oreochromis niloticus,,,,,
Oreochromis niloticus,,,2007,3,9
Oreochromis niloticus,,,,,
Oreochromis niloticus,,,,,
Oreochromis niloticus,,,,,
Oreochromis niloticus,,,,,
Oreochromis niloticus,,,,,
Oreochromis niloticus,,,,,
Oreochromis niloticus,,,,,
Oreochromis niloticus,,,,,
Oreochromis niloticus,,,,,
Oreochromis niloticus,,,,,
Oreochromis niloticus,,,,,
Oreochromis niloticus,,,,,
Oreochromis niloticus,,,,,
Oreochromis niloticus,,,,,
Oreochromis niloticus,,,,,
Oreochromis niloticus,,,,,
Oreochromis niloticus,,,,,
Oreochromis niloticus,,,,,
Oreochromis niloticus,,,,,
Oreochromis niloticus,,,,,
Oreochromis niloticus,,,,,
Oreochromis niloticus,,,,,
Oreochromis niloticus,,,,,
Oreochromis niloticus,,,,,
Oreochromis niloticus,,,,,
Oreochromis niloticus,,,,,
Oreochromis niloticus,,,,,
Oreochromis niloticus,,,,,
Oreochromis niloticus,,,,,
Oreochromis niloticus,,,,,
Oreochromis niloticus,,,,,
Oreochromis niloticus,,,,,
Oreochromis niloticus,,,2006,12,21
Oreochromis niloticus,,,2006,12,21
Oreochromis niloticus,18.6333332,-95.7166672,1985,10,2
Oreochromis niloticus,30.376073,-88.752399,2001,6,28
Oreochromis niloticus,30.376814,-88.747528,2001,6,28
Oreochromis niloticus,30.512393,-88.551052,2001,9,26
Oreochromis niloticus,30.512393,-88.551052,2001,8,1
Oreochromis niloticus,30.507333,-88.554381,2001,8,1
Oreochromis niloticus,30.512393,-88.551052,2001,8,29
Oreochromis niloticus,30.507333,-88.554381,2001,8,29
Oreochromis niloticus,30.376073,-88.752399,2001,8,30
Oreochromis niloticus,30.376814,-88.747528,2001,8,30
Oreochromis niloticus,30.507333,-88.554381,2001,9,26
Oreochromis niloticus,30.376082,-88.746777,2001,9,
Oreochromis niloticus,30.373768,-88.756562,2001,9,
Oreochromis niloticus,30.376073,-88.752399,2001,9,27
Oreochromis niloticus,30.376073,-88.752399,2001,9,27
Oreochromis niloticus,30.376073,-88.752399,2001,9,27
Oreochromis niloticus,30.376814,-88.747528,2001,9,27
Oreochromis niloticus,30.512315,-88.571409,2001,9,
Oreochromis niloticus,30.510725,-88.570637,2001,9,
Oreochromis niloticus,30.511501,-88.570937,2001,9,
Oreochromis niloticus,30.375758,-88.747421,2001,9,
Oreochromis niloticus,30.512393,-88.551052,2001,4,18
Oreochromis niloticus,30.512393,-88.551052,2001,4,18
Oreochromis niloticus,30.512393,-88.551052,2001,1,24
Oreochromis niloticus,30.512393,-88.551052,2001,10,24
Oreochromis niloticus,30.507333,-88.554381,2001,10,24
Oreochromis niloticus,30.376814,-88.747528,2001,10,
Oreochromis niloticus,30.376073,-88.752399,2001,10,25
Oreochromis niloticus,30.514826,-88.574484,2001,10,
Oreochromis niloticus,30.512393,-88.551052,2001,11,28
Oreochromis niloticus,30.507333,-88.554381,2001,11,28
Oreochromis niloticus,30.376073,-88.752399,2001,11,29
Oreochromis niloticus,30.512393,-88.551052,2001,12,18
Oreochromis niloticus,30.507333,-88.554381,2001,12,18
Oreochromis niloticus,30.512393,-88.551052,2002,1,30
Oreochromis niloticus,30.507333,-88.554381,2002,1,30
Oreochromis niloticus,30.553733,-88.511164,2002,3,
Oreochromis niloticus,30.553733,-88.511164,2002,3,
Oreochromis niloticus,30.554879,-88.511078,2002,3,
Oreochromis niloticus,30.554879,-88.511078,2002,3,
Oreochromis niloticus,30.559461,-88.516528,2002,3,
Oreochromis niloticus,30.559461,-88.516528,2002,3,
Oreochromis niloticus,30.562759,-88.51774,2002,3,
Oreochromis niloticus,30.562759,-88.51774,2002,3,
Oreochromis niloticus,30.569928,-88.518298,2002,3,
Oreochromis niloticus,30.569928,-88.518298,2002,3,
Oreochromis niloticus,30.567933,-88.51744,2002,3,
Oreochromis niloticus,30.574879,-88.519993,2002,3,28
Oreochromis niloticus,30.578796,-88.517976,2002,3,28
Oreochromis niloticus,30.582435,-88.530808,2002,3,28
Oreochromis niloticus,30.581511,-88.531752,2002,3,28
Oreochromis niloticus,30.578999,-88.53304,2002,3,28
Oreochromis niloticus,30.577189,-88.533855,2002,3,28
Oreochromis niloticus,30.576339,-88.534156,2002,3,28
Oreochromis niloticus,30.575628,-88.534445,2002,3,28
Oreochromis niloticus,30.512393,-88.551052,2002,2,20
Oreochromis niloticus,30.507333,-88.554381,2002,2,20
Oreochromis niloticus,30.572247,-88.53378,2002,4,
Oreochromis niloticus,30.571083,-88.533565,2002,4,
Oreochromis niloticus,30.569198,-88.533995,2002,4,
Oreochromis niloticus,30.542399,-88.554528,2002,4,
Oreochromis niloticus,30.541567,-88.554871,2002,4,
Oreochromis niloticus,30.541142,-88.554871,2002,4,
Oreochromis niloticus,30.544385,-88.550301,2002,4,
Oreochromis niloticus,30.545217,-88.548391,2002,4,
Oreochromis niloticus,30.546603,-88.545301,2002,4,
Oreochromis niloticus,30.546159,-88.546224,2002,4,
Oreochromis niloticus,30.545753,-88.54706,2002,4,
Oreochromis niloticus,30.3769,-88.75788,2001,11,29
Tilapia nilotica,8,0,1970,12,2
Oreochromis niloticus,,,2009,1,2
Oreochromis niloticus,,,2010,11,26
Oreochromis niloticus,30.3923,-88.7963,2002,10,30
Oreochromis niloticus,,,,,
Oreochromis niloticus,,,1988,8,5
Oreochromis niloticus,-15.38,04012 W,1988,7,28
Oreochromis niloticus,,,1968,3,11
Oreochromis niloticus,-14.67,03916 W,1988,7,27
Oreochromis niloticus,31.142242,-86.180179,1999,9,10
Oreochromis niloticus,,,,,
Oreochromis niloticus,,,,,
Oreochromis niloticus,30.58,-88.5173,2004,3,19
Oreochromis niloticus,,,1973,9,5
Oreochromis niloticus,,,1980,10,14
Oreochromis niloticus,,,1974,8,16
Oreochromis niloticus,,,,,
Oreochromis niloticus,,,1980,4,24
Oreochromis niloticus,-4.925,29.65833333,,,
Oreochromis niloticus,,,,,
Oreochromis niloticus,,,,,
Oreochromis niloticus,,,,,
Oreochromis niloticus niloticus,,,,,
Oreochromis niloticus niloticus,,,1966,12,29
Oreochromis niloticus niloticus,,,1970,8,7
Oreochromis niloticus niloticus,,,1970,5,27
Oreochromis niloticus niloticus,,,1967,6,23
Oreochromis niloticus niloticus,,,1969,8,10
Oreochromis niloticus niloticus,,,1970,7,26
Oreochromis niloticus niloticus,,,1970,4,9
Oreochromis niloticus niloticus,,,1963,,
Oreochromis niloticus niloticus,,,1963,12,18
Oreochromis niloticus,31.249444,130.639722,2007,4,30
Oreochromis niloticus,31.249444,130.639722,2007,4,30
Oreochromis niloticus,31.249444,130.639722,2007,4,30
Oreochromis niloticus,,,,,
Oreochromis niloticus,26.71273,-81.15547,2001,7,24
Oreochromis niloticus,,,2009,9,9
Oreochromis niloticus,,,2009,9,9
Oreochromis niloticus,,,2009,9,9
Oreochromis niloticus,,,2009,9,9
Oreochromis niloticus,,,,,
Oreochromis niloticus,,,,,
Oreochromis niloticus,,,,,
Oreochromis niloticus,31.274722,130.624445,2007,5,5
Oreochromis niloticus,,,,,
Oreochromis niloticus,,,,,
Oreochromis niloticus,,,,,
Oreochromis niloticus,,,,,
Oreochromis niloticus,,,,,
Oreochromis niloticus,03 39.088,96 54.829,2006,7,11
Oreochromis niloticus,2.41023,99.1708,2006,7,29
Oreochromis niloticus,2.5914,99.0352,2006,7,29
Oreochromis niloticus,,,,,
Oreochromis niloticus,,,2008,6,
Oreochromis niloticus,,,1981,10,1
Oreochromis niloticus,,,1981,10,1
Oreochromis niloticus,,,1968,9,7
Oreochromis niloticus,,,2011,8,11
Oreochromis niloticus,,,2011,8,11
Oreochromis niloticus,,,2011,8,11
Oreochromis niloticus,,,2011,8,11
Oreochromis niloticus,,,2011,8,11
Oreochromis niloticus,,,2011,8,11
Oreochromis niloticus,,,2011,8,11
Oreochromis niloticus,,,2011,8,11
Oreochromis niloticus,,,2011,8,11
Oreochromis niloticus,,,2011,8,11
Oreochromis niloticus,,,2011,8,11
Oreochromis niloticus,,,2011,8,11
Oreochromis niloticus,,,2011,8,11
Oreochromis niloticus,,,2011,8,11
Oreochromis niloticus,,,2011,8,11
Oreochromis niloticus,,,2011,8,11
Oreochromis niloticus,,,2011,8,11
Oreochromis niloticus,,,2011,8,11
Oreochromis niloticus,,,2011,8,11
Oreochromis niloticus,,,2011,8,11
Oreochromis niloticus,,,2011,8,11
Oreochromis niloticus,,,2011,8,11
Oreochromis niloticus,33.428152,-88.791228,1993,10,7
Oreochromis niloticus,33.428152,-88.791228,1993,10,7
Oreochromis niloticus,,,2011,8,15
Oreochromis niloticus,,,2011,8,15
Oreochromis niloticus,,,2011,8,15
Oreochromis niloticus,,,2011,8,15
Oreochromis niloticus,,,2011,8,15
Oreochromis niloticus,,,2011,8,15
Oreochromis niloticus,,,2011,8,15
Oreochromis niloticus,,,2011,8,15
Oreochromis niloticus,,,,,
Oreochromis niloticus,,,2013,11,20
Oreochromis niloticus,33.45174,-90.64829,2004,10,13
Oreochromis niloticus,30.5102,-88.5597,2005,1,25
Oreochromis niloticus,30.5101,-88.5617,2005,1,25
Oreochromis niloticus,30.5103,-88.5622,2005,1,25
Oreochromis niloticus,30.5088,-88.5641,2005,1,25
Oreochromis niloticus,30.5088,-88.5641,2005,1,25
Tilapia nilotica,5.995049,0.585065,1963,6,4
Oreochromis niloticus,30.376332,-88.748365,2004,12,29
Oreochromis niloticus,,,2012,10,18
Tilapia nilotica,10.259443,4.569053,1973,10,
Oreochromis niloticus,30.5771,-88.5344,2004,9,8
Oreochromis niloticus,30.3784,-88.7606,2005,3,31
Oreochromis niloticus,30.541567,-88.554871,2002,4,
Oreochromis niloticus,30.4995,-88.5575,2005,4,28
Oreochromis niloticus,,,,,
Oreochromis niloticus,,,,,
Tilapia nilotica,,,1953,7,
Tilapia nilotica,,,1953,6,
Oreochromis niloticus,18.24990082,-66.88729858,2006,11,6
Oreochromis niloticus,,,1979,10,12
Tilapia nilotica,,,,,
Oreochromis niloticus,1.644603,30.948455,,,
Oreochromis niloticus,1.644603,30.948455,,,
Oreochromis niloticus,,,,,
Tilapia nilotica,1.644603,30.948455,,,
Oreochromis niloticus,13.45,100.95,2023,6,12
Oreochromis niloticus niloticus,,,,,
Oreochromis niloticus,30.3785,-88.7475,2006,10,
Oreochromis niloticus,,,,,
Oreochromis niloticus,31.216667,130.566667,1979,10,17
Oreochromis niloticus,31.216667,130.566667,1979,10,17
Oreochromis niloticus,31.216667,130.566667,1979,10,17
Oreochromis niloticus,31.216667,130.566667,1979,10,17
Oreochromis niloticus,31.216667,130.566667,1979,10,17
Oreochromis niloticus,31.216667,130.566667,1979,10,17
Oreochromis niloticus,31.216667,130.566667,1979,10,17
Oreochromis niloticus,31.216667,130.566667,1979,10,17
Oreochromis niloticus,31.216667,130.566667,1979,10,17
Oreochromis niloticus,31.216667,130.566667,1979,10,17
Oreochromis niloticus,31.216667,130.566667,1979,10,17
Oreochromis niloticus,31.216667,130.566667,1979,10,17
Oreochromis niloticus,31.216667,130.566667,1979,10,17
Oreochromis niloticus,31.216667,130.566667,1979,10,17
Oreochromis niloticus,30.3772,-88.7462,2006,11,
Oreochromis mossambicus X Saratherodon niloticus,"0,0000°N","0,0000°W",1991,11,22
Oreochromis niloticus,30.3765,-88.7467,2006,11,
Oreochromis niloticus,31.216667,130.566667,1979,8,28
Oreochromis niloticus,31.216667,130.566667,1979,8,28
Oreochromis niloticus,31.216667,130.566667,1979,8,28
Oreochromis niloticus,31.216667,130.566667,1979,8,28
Oreochromis niloticus,31.216667,130.566667,1979,8,28
Oreochromis niloticus,31.216667,130.566667,1979,8,28
Oreochromis niloticus,31.216667,130.566667,1979,8,28
Oreochromis niloticus,31.216667,130.566667,1979,8,28
Oreochromis niloticus,31.216667,130.566667,1979,8,28
Oreochromis niloticus,31.216667,130.566667,1979,8,28
Oreochromis niloticus,31.216667,130.566667,1979,8,28
Oreochromis niloticus,31.216667,130.566667,1979,8,28
Oreochromis niloticus,-3.208333333,29.29166667,,,
Oreochromis niloticus,4.266666667,117.9,,,
Oreochromis niloticus,,,,,
Oreochromis niloticus,,,,,
Oreochromis niloticus,,,,,
Oreochromis niloticus,,,,,
Oreochromis niloticus,31.216667,130.566667,1979,8,28
Oreochromis niloticus,31.216667,130.566667,1979,8,28
Oreochromis niloticus,31.216667,130.566667,1979,8,28
Oreochromis niloticus,31.216667,130.566667,1979,8,28
Oreochromis niloticus,31.216667,130.566667,1979,8,28
Oreochromis niloticus,31.216667,130.566667,1979,8,28
Oreochromis niloticus,31.216667,130.566667,1979,8,28
Oreochromis niloticus,31.216667,130.566667,1979,8,28
Oreochromis niloticus,31.216667,130.566667,1979,8,28
Oreochromis niloticus,31.216667,130.566667,1979,8,28
Oreochromis niloticus,31.216667,130.566667,1979,8,28
Oreochromis niloticus,31.216667,130.566667,1979,8,28
Oreochromis niloticus,31.216667,130.566667,1979,8,28
Oreochromis niloticus,31.216667,130.566667,1979,8,28
Oreochromis niloticus,31.216667,130.566667,1979,8,28
Oreochromis niloticus,31.216667,130.566667,1979,8,28
Oreochromis niloticus,31.216667,130.566667,1979,8,28
Oreochromis niloticus,31.216667,130.566667,1979,8,28
Oreochromis niloticus,31.216667,130.566667,1979,8,28
Oreochromis niloticus,31.216667,130.566667,1979,8,28
Oreochromis niloticus,31.216667,130.566667,1979,8,28
Oreochromis niloticus,31.216667,130.566667,1979,8,28
Oreochromis niloticus,31.216667,130.566667,1979,8,28
Oreochromis niloticus,31.216667,130.566667,1979,8,28
Oreochromis niloticus,31.216667,130.566667,1979,8,28
Oreochromis niloticus,31.216667,130.566667,1979,8,28
Oreochromis niloticus,31.216667,130.566667,1979,8,28
Oreochromis niloticus,31.216667,130.566667,1979,8,28
Oreochromis niloticus,31.216667,130.566667,1979,8,28
Oreochromis niloticus,31.216667,130.566667,1979,8,28
Oreochromis niloticus,31.216667,130.566667,1979,8,28
Oreochromis niloticus,,,,,
Oreochromis niloticus,,,,,
Oreochromis niloticus,,,,,
Tilapia nilotica,,,1927,4,10
Tilapia nilotica,,,1927,3,31
Tilapia nilotica,,,1927,,
Tilapia nilotica,,,1925,,
Oreochromis niloticus,33.45174,-90.64829,2004,10,13
Oreochromis niloticus,33.45174,-90.64829,2004,10,14
Oreochromis niloticus,-3.391666667,29.375,,,
Oreochromis niloticus,,,,,
Oreochromis niloticus,,,,,
Oreochromis niloticus,,,,,
Oreochromis niloticus,31.537222,130.502222,2012,10,27
Oreochromis niloticus,,,,,
Oreochromis niloticus,,,,,
Oreochromis niloticus,,,,,
Tilapia nilotica,-0.02,30.146667,1957,11,22
Tilapia nilotica,,,1950,3,10
Oreochromis niloticus niloticus,,,1899,,
Oreochromis niloticus niloticus,,,1899,,
Oreochromis niloticus niloticus,,,,,
Tilapia nilotica,-0.011667,30.138333,1957,11,23
Oreochromis niloticus,,,,,
Oreochromis niloticus,30.4272,-88.4349,2008,4,17
Oreochromis niloticus,30.4272,-88.4349,2008,4,8
Oreochromis niloticus,30.4272,-88.4349,2008,4,23
Oreochromis niloticus,,,,,
Oreochromis niloticus,,,,,
Oreochromis niloticus,,,,,
Oreochromis niloticus,,,,,
Tilapia nilotica,,,,,
Tilapia nilotica,,,,,
Tilapia nilotica,,,,,
Oreochromis niloticus,0.40437,33.1945,2007,5,9
Oreochromis niloticus,,,,,
Oreochromis niloticus,10.599943,14.324979,1937,1,11
Oreochromis niloticus,15.21319,104.83903,2008,8,31
Oreochromis niloticus,14.806,105.3907,2012,1,10
Oreochromis niloticus,15.18126,104.71472,2012,1,8
Oreochromis niloticus,30.42956,-89.01586,2009,1,23
Oreochromis niloticus,31.537222,130.502222,2013,10,26
Oreochromis niloticus,31.537222,130.502222,2013,10,26
Oreochromis niloticus,,,1989,8,19
Oreochromis niloticus,,,1989,8,19
Oreochromis niloticus,30.394944,-87.793134,2007,8,24
Oreochromis niloticus,,,1989,8,19
Oreochromis niloticus,,,,,
Oreochromis niloticus,,,,,
Oreochromis niloticus niloticus,,,,,
Oreochromis niloticus niloticus,,,,,
Oreochromis niloticus,,,,,
Oreochromis niloticus,,,,,
Oreochromis niloticus,,,,,
Oreochromis niloticus,,,,,
Tilapia nilotica,,,1954,1,7
Tilapia nilotica,,,1954,1,12
Oreochromis niloticus,25.70993,-108.34193,2008,1,14
Oreochromis niloticus,25.34166667,49.34166667,,,
Oreochromis niloticus niloticus,,,,,
Oreochromis niloticus niloticus,,,,,
Oreochromis niloticus niloticus,,,,,
Oreochromis niloticus,,,,,
Tilapia nilotica,,,,,
Tilapia nilotica,,,1950,3,20
Tilapia nilotica,,,1950,3,20
Tilapia nilotica,,,1844,,21
Tilapia nilotica,,,1953,,
Tilapia nilotica,11.002574,-0.384389,1964,2,15
Tilapia nilotica,5.995049,0.585065,1963,6,4
Oreochromis niloticus eduardianus,,,,,
Tilapia nilotica,6.106365,0.234363,1963,6,7
Tilapia nilotica,,,1963,6,7
Oreochromis niloticus,30.39159,-87.79568,2014,7,11
Oreochromis niloticus,,,,,
Oreochromis niloticus,,,,,
Oreochromis niloticus,,,,,
Oreochromis niloticus,31.5275,130.518056,2006,9,20
Oreochromis niloticus,31.5275,130.518056,2006,9,20
Oreochromis niloticus,31.5275,130.518056,2006,9,20
Oreochromis niloticus,31.5275,130.518056,2006,9,20
Oreochromis niloticus,31.5275,130.518056,2006,9,20
Oreochromis niloticus,-3.766666667,-80.45,1992,7,6
Oreochromis niloticus,31.274444,130.623889,2006,9,21
Oreochromis niloticus,7.310812,18.287125,0,0,0
Oreochromis niloticus,31.274444,130.623889,2006,9,21
Oreochromis niloticus,31.249444,130.639722,2006,9,21
Oreochromis niloticus,31.249444,130.639722,2006,9,21
Oreochromis niloticus,31.249444,130.639722,2006,9,21
Oreochromis niloticus,31.249444,130.639722,2006,9,21
Oreochromis niloticus,31.249444,130.639722,2006,9,21
Oreochromis niloticus,,,1997,10,23
Oreochromis niloticus,31.249444,130.639722,2006,9,21
Oreochromis niloticus,31.249444,130.639722,2006,9,21
Oreochromis niloticus,31.249444,130.639722,2006,9,21
Oreochromis niloticus,31.249444,130.639722,2006,9,21
Oreochromis niloticus,31.249444,130.639722,2006,9,21
Oreochromis niloticus,31.254167,130.636389,2007,10,20
Oreochromis niloticus,31.249444,130.639722,2006,9,21
Oreochromis niloticus,31.249444,130.639722,2006,9,21
Oreochromis niloticus,,,1998,10,19
Oreochromis niloticus,,,1998,10,19
Oreochromis niloticus,31.249444,130.639722,2006,9,21
Tilapia nilotica,,,1946,,
Tilapia nilotica,,,1946,12,14
Tilapia nilotica,,,1947,2,20
Oreochromis niloticus,27.038611,128.453056,2015,3,17
Oreochromis niloticus,27.038611,128.453056,2015,3,17
Oreochromis niloticus,-7.25539,-79.10082,2018,8,27
Tilapia nilotica,,,,,
Tilapia nilotica,,,,,
Oreochromis niloticus niloticus,,,1910,1,6
Oreochromis niloticus niloticus,,,1910,1,6
Oreochromis niloticus,18.1499996,-95.6666641,1989,11,24
Tilapia nilotica,,,1956,,
Tilapia nilotica,,,1865,0,0
Tilapia nilotica,,,1950,3,21
Oreochromis niloticus niloticus,,,1920,2,
Oreochromis niloticus eduardianus,,,1911,,
Oreochromis niloticus,43.41266628,-80.41619092,2010,6,23
Oreochromis niloticus,45.35065,-75.70447,2010,6,19
Oreochromis niloticus niloticus,,,1928,2,25
Oreochromis niloticus niloticus,,,1928,2,25
Oreochromis niloticus niloticus,,,1928,2,10
Oreochromis niloticus niloticus,,,1928,2,25
Oreochromis niloticus niloticus,,,1928,2,26
Oreochromis niloticus niloticus,,,1928,3,2
Oreochromis niloticus niloticus,,,1928,2,20
Oreochromis niloticus,17.8666668,-96.5,1990,5,1
Oreochromis niloticus,4.3506665,11.6328334,2004,1,31
Oreochromis niloticus,18.1333332,-96.3666687,1991,3,26
Oreochromis niloticus,18.1333332,-96.3666687,1990,3,27
Oreochromis niloticus,18.1333332,-96.3666687,1990,3,27
Oreochromis niloticus,19.2375,-70.1194444,1990,2,24
Oreochromis niloticus,18.166666,-96.25,1990,3,28
Oreochromis niloticus,,,1999,11,1
Oreochromis niloticus,16.9874992,-97.8880539,1990,10,17
Oreochromis niloticus,19.47348,-71.34597,,,
Oreochromis niloticus,7.65757,34.18695,2008,10,2
Oreochromis niloticus,7.8328,34.3069,2008,10,2
Oreochromis niloticus,7.87336,34.49674,2008,10,3
Oreochromis niloticus,8.19206,34.2692,2008,10,4
Oreochromis niloticus,7.8328,34.3069,2008,10,6
Oreochromis niloticus,7.87336,34.49674,2008,10,7
Oreochromis niloticus,18.8050003,-89.3758316,1999,8,26
Oreochromis niloticus,18.61275,-71.007,2010,8,5
Oreochromis niloticus,18.259778,-71.246722,2010,7,3
Oreochromis niloticus,18.294028,-71.245833,2010,7,4
Oreochromis niloticus,18.634167,-71.018528,2010,8,5
Oreochromis niloticus,18.546778,-71.833583,2010,7,9
Oreochromis niloticus,18.401917,-71.183639,2010,8,8
Oreochromis niloticus,18.731,-71.114111,2010,8,12
Oreochromis niloticus,18.72175,-71.105889,2010,8,12
Oreochromis niloticus,18.7115,-71.054472,2010,8,13
Oreochromis niloticus,18.682167,-71.050806,2010,8,14
Oreochromis niloticus,18.518528,-71.020417,2010,8,6
Oreochromis niloticus,-0.3434421,25.4516084,2010,6,4
Oreochromis niloticus,,,,,
Oreochromis niloticus,,,1975,4,21
Oreochromis niloticus,-0.362783,31.9003,1994,5,17
Oreochromis niloticus,-0.362783,31.9003,1994,5,18
Oreochromis niloticus,30.782229,-84.900112,1991,9,15
Oreochromis niloticus,,,1862,,
Tilapia nilotica,,,,,
Tilapia nilotica,,,,,
Tilapia nilotica,,,,,
Tilapia nilotica,,,,,
Tilapia nilotica,,,,,
Tilapia nilotica,,,,,
Tilapia nilotica,,,,,
Tilapia nilotica,,,,,
Tilapia nilotica,,,,,
Tilapia nilotica,,,,,
Tilapia nilotica,,,,,
Tilapia nilotica,,,1843,,
Tilapia nilotica,,,8,,durand
Tilapia nilotica,,,,,saint-hilaire
Tilapia nilotica,,,,,toutee
Tilapia nilotica,,,,,toutee
Tilapia nilotica,2° N,31° E,1967,8,1
Oreochromis (Oreochromis) niloticus,"2° 30' 0"" S","32° 50' 0"" E",,,
Oreochromis (Oreochromis) niloticus,17° 3' N,42° 57' E,1983,9,19
Tilapia nilotica,,,,,
Tilapia nilotica,,,,,
Tilapia nilotica,,,,,
Tilapia nilotica,,,,,
Tilapia nilotica,,,,,
Oreochromis niloticus,,,,,
Oreochromis niloticus,,,,,
Oreochromis niloticus,11.633,104.866,2004,12,16
Oreochromis niloticus,,,2015,10,17
Oreochromis niloticus,,,2016,11,25
Oreochromis niloticus,14.7463,-86.2531,1999,7,14
Oreochromis niloticus,0.171,37.904,1995,9,7
Oreochromis niloticus,,,1956,8,
Oreochromis niloticus,,,,,
Oreochromis niloticus,1.482009,32.901305,,,
Oreochromis niloticus,,,1964,4,10
Oreochromis niloticus,3.357433,36.159302,1956,,
Oreochromis niloticus,,,,,
